Method,PrefixLength,MinLatency_us,MaxLatency_us,AvgLatency_us,MedianLatency_us,P95Latency_us,Throughput_QPS,TotalMatches
Vanilla,2,3.66407e+06,4.93758e+06,4.16767e+06,4.11991e+06,4.93758e+06,0.239942,2243167
SIMD,2,2.58185e+06,3.18074e+06,2.91898e+06,2.90882e+06,3.18074e+06,0.342857,2243167
Vanilla,4,3.58072e+06,4.0781e+06,3.80435e+06,3.77773e+06,4.0781e+06,0.262857,5288
SIMD,4,196996,395896,272235,251598,395896,3.6733,5288
Vanilla,8,3.07127e+06,3.07127e+06,3.07127e+06,3.07127e+06,3.07127e+06,0.325599,112
SIMD,8,269969,269969,269969,269969,269969,3.70413,112
